"Order ID","Product ID","Location ID","Sales Person ID","Customer ID","Purchase Date","Quantity","Price","",""
"AX10004","ENX2029","A142","EMP1019","C1078","3/23/2020","4","1848","",""
"AX10014","ENX2079","A152","EMP1041","C1073","4/14/2020","1","1725","",""
"AX10027","ENX2062","A126","EMP1001","C1256","5/27/2020","1","2464","",""
"AX10032","ENX2083","A156","EMP1025","C1342","4/6/2020","1","2141","",""
"AX10042","ENX2100","A147","EMP1019","C1267","1/4/2020","1","799","",""
"AX10061","ENX2041","A101","EMP1041","C1168","5/25/2020","1","1380","",""
"AX10070","ENX2046","A159","EMP1040","C1147","2/18/2020","1","2410","",""
"AX10071","ENX2091","A121","EMP1016","C1755","2/29/2020","3","368","",""
"AX10074","ENX2038","A121","EMP1042","C1732","4/12/2020","1","392","",""
"AX10086","ENX2054","A130","EMP1023","C1526","3/16/2020","1","127","",""
"AX10096","ENX2005","A133","EMP1037","C1791","3/10/2020","1","684","",""
"AX10098","ENX2098","A119","EMP1022","C1467","5/24/2020","1","1178","",""
"AX10133","ENX2045","A104","EMP1038","C1350","2/15/2020","1","556","",""
"AX10145","ENX2033","A111","EMP1007","C1666","5/29/2020","2","2182","",""
"AX10155","ENX2027","A111","EMP1024","C1176","1/25/2020","1","2497","",""
"AX10162","ENX2030","A158","EMP1015","C1120","4/3/2020","2","1899","",""
"AX10173","ENX2093","A115","EMP1040","C1566","2/15/2020","3","112","",""
"AX10180","ENX2011","A148","EMP1006","C1350","2/11/2020","4","530","",""
"AX10199","ENX2100","A115","EMP1001","C1350","4/14/2020","2","799","",""
"AX10208","ENX2054","A132","EMP1029","C1194","1/16/2020","1","127","",""
"AX10209","ENX2043","A120","EMP1040","C1571","5/6/2020","3","545","",""
"AX10218","ENX2029","A123","EMP1018","C1612","5/21/2020","3","1848","",""
"AX10230","ENX2078","A115","EMP1005","C1455","1/22/2020","1","1798","",""
"AX10232","ENX2081","A143","EMP1035","C1572","4/21/2020","1","1566","",""
"AX10243","ENX2004","A108","EMP1020","C1529","2/3/2020","4","1278","",""
"AX10259","ENX2040","A139","EMP1029","C1528","1/17/2020","1","1889","",""
"AX10268","ENX2043","A125","EMP1025","C1124","5/13/2020","2","545","",""
"AX10295","ENX2076","A111","EMP1003","C1552","5/22/2020","3","1522","",""
"AX10303","ENX2052","A135","EMP1034","C1073","3/23/2020","3","1526","",""
"AX10307","ENX2098","A155","EMP1005","C1203","3/29/2020","2","1178","",""
"AX10308","ENX2081","A145","EMP1029","C1070","2/28/2020","3","1566","",""
"AX10313","ENX2012","A170","EMP1002","C1780","5/15/2020","3","1353","",""
"AX10323","ENX2010","A134","EMP1038","C1407","3/27/2020","3","1812","",""
"AX10324","ENX2027","A108","EMP1002","C1582","1/18/2020","1","2497","",""
"AX10331","ENX2032","A141","EMP1043","C1002","1/31/2020","1","1967","",""
"AX10335","ENX2023","A134","EMP1033","C1370","3/16/2020","1","818","",""
"AX10337","ENX2061","A155","EMP1031","C1347","5/15/2020","4","913","",""
"AX10350","ENX2000","A129","EMP1008","C1648","1/1/2020","1","2241","",""
"AX10355","ENX2040","A151","EMP1010","C1776","2/4/2020","2","1889","",""
"AX10360","ENX2041","A126","EMP1003","C1212","3/30/2020","1","1380","",""
"AX10381","ENX2024","A138","EMP1018","C1791","2/16/2020","3","356","",""
"AX10405","ENX2062","A159","EMP1036","C1460","5/19/2020","3","2464","",""
"AX10411","ENX2100","A164","EMP1010","C1252","2/8/2020","1","799","",""
"AX10439","ENX2056","A157","EMP1001","C1036","3/2/2020","1","1635","",""
"AX10452","ENX2094","A168","EMP1039","C1488","3/9/2020","1","771","",""
"AX10457","ENX2099","A164","EMP1036","C1761","1/2/2020","2","1367","",""
"AX10472","ENX2031","A129","EMP1020","C1221","4/15/2020","1","1638","",""
"AX10476","ENX2041","A132","EMP1022","C1453","2/6/2020","1","1380","",""
"AX10478","ENX2066","A105","EMP1003","C1617","4/17/2020","2","2091","",""
"AX10495","ENX2099","A146","EMP1043","C1000","1/27/2020","3","1367","",""
"AX10512","ENX2099","A129","EMP1037","C1482","4/4/2020","3","1367","",""
"AX10513","ENX2059","A138","EMP1029","C1277","3/9/2020","1","1494","",""
"AX10521","ENX2042","A108","EMP1011","C1442","2/22/2020","1","203","",""
"AX10546","ENX2003","A137","EMP1033","C1029","4/14/2020","2","1783","",""
"AX10569","ENX2074","A161","EMP1021","C1240","1/4/2020","4","504","",""
"AX10649","ENX2030","A120","EMP1023","C1595","4/5/2020","1","1899","",""
"AX10654","ENX2003","A127","EMP1034","C1577","5/15/2020","1","1783","",""
"AX10661","ENX2083","A142","EMP1043","C1267","1/4/2020","2","2141","",""
"AX10670","ENX2072","A140","EMP1006","C1217","2/19/2020","1","1887","",""
"AX10685","ENX2038","A145","EMP1026","C1583","1/11/2020","3","392","",""
"AX10703","ENX2074","A104","EMP1032","C1273","5/1/2020","1","504","",""
"AX10710","ENX2041","A124","EMP1010","C1639","5/16/2020","2","1380","",""
"AX10715","ENX2054","A154","EMP1032","C1542","1/24/2020","1","127","",""
"AX10722","ENX2027","A170","EMP1025","C1035","3/9/2020","3","2497","",""
"AX10726","ENX2036","A102","EMP1019","C1374","2/17/2020","2","1582","",""
"AX10733","ENX2024","A148","EMP1013","C1327","4/8/2020","4","356","",""
"AX10771","ENX2022","A157","EMP1026","C1007","2/22/2020","1","561","",""
"AX10783","ENX2061","A168","EMP1017","C1521","5/4/2020","1","913","",""
"AX10808","ENX2027","A146","EMP1011","C1442","4/2/2020","1","2497","",""
"AX10820","ENX2013","A135","EMP1034","C1406","4/25/2020","1","368","",""
"AX10826","ENX2065","A147","EMP1034","C1168","2/3/2020","1","2396","",""
"AX10880","ENX2068","A123","EMP1032","C1596","4/28/2020","1","1500","",""
"AX10920","ENX2077","A132","EMP1000","C1586","2/3/2020","1","530","",""
"AX10925","ENX2055","A151","EMP1012","C1185","4/22/2020","1","2495","",""
"AX10935","ENX2097","A134","EMP1022","C1304","1/17/2020","1","1052","",""
"AX10971","ENX2081","A131","EMP1033","C1026","5/20/2020","1","1566","",""
"AX11010","ENX2007","A162","EMP1016","C1567","4/6/2020","2","1405","",""
"AX11039","ENX2031","A145","EMP1031","C1483","1/25/2020","2","1638","",""
"AX11071","ENX2061","A172","EMP1017","C1714","1/12/2020","1","913","",""
"AX11086","ENX2055","A142","EMP1040","C1505","3/29/2020","4","2495","",""
"AX11109","ENX2037","A154","EMP1012","C1085","2/4/2020","1","880","",""
"AX11128","ENX2069","A134","EMP1010","C1687","1/1/2020","1","378","",""
"AX11134","ENX2012","A120","EMP1019","C1779","5/30/2020","3","1353","",""
"AX11172","ENX2007","A124","EMP1042","C1308","4/20/2020","1","1405","",""
"AX11175","ENX2033","A129","EMP1038","C1647","2/21/2020","1","2182","",""
"AX11206","ENX2007","A142","EMP1002","C1726","2/6/2020","4","1405","",""
"AX11210","ENX2001","A109","EMP1026","C1237","4/25/2020","1","951","",""
"AX11213","ENX2012","A102","EMP1043","C1477","2/2/2020","2","1353","",""
"AX11222","ENX2092","A153","EMP1005","C1544","4/23/2020","3","1639","",""
"AX11246","ENX2060","A109","EMP1008","C1138","4/9/2020","1","1467","",""
"AX11254","ENX2020","A160","EMP1037","C1796","5/7/2020","1","2005","",""
"AX11258","ENX2091","A149","EMP1041","C1284","2/3/2020","1","368","",""
"AX11261","ENX2077","A131","EMP1036","C1274","2/6/2020","2","530","",""
"AX11282","ENX2005","A102","EMP1018","C1754","5/20/2020","3","684","",""
"AX11285","ENX2088","A127","EMP1033","C1059","1/6/2020","3","603","",""
"AX11289","ENX2007","A111","EMP1019","C1355","5/20/2020","1","1405","",""
"AX11293","ENX2043","A104","EMP1031","C1008","3/23/2020","1","545","",""
"AX11327","ENX2059","A112","EMP1039","C1353","5/22/2020","1","1494","",""
"AX11329","ENX2052","A123","EMP1002","C1311","3/9/2020","3","1526","",""
"AX11330","ENX2047","A134","EMP1025","C1710","3/20/2020","1","290","",""
"AX11368","ENX2071","A103","EMP1011","C1768","3/9/2020","1","136","",""
"AX11370","ENX2031","A173","EMP1022","C1781","3/1/2020","3","1638","",""
"AX11399","ENX2020","A144","EMP1002","C1684","5/6/2020","1","2005","",""
"AX11414","ENX2066","A132","EMP1021","C1269","2/25/2020","1","2091","",""
"AX11421","ENX2000","A166","EMP1012","C1410","1/31/2020","3","2241","",""
"AX11425","ENX2031","A102","EMP1011","C1152","4/2/2020","1","1638","",""
"AX11445","ENX2019","A125","EMP1022","C1048","1/8/2020","1","800","",""
"AX11446","ENX2093","A102","EMP1008","C1743","3/5/2020","1","112","",""
"AX11508","ENX2020","A149","EMP1010","C1237","1/23/2020","1","2005","",""
"AX11511","ENX2028","A157","EMP1040","C1131","4/1/2020","1","2283","",""
"AX11516","ENX2088","A150","EMP1023","C1115","5/6/2020","3","603","",""
"AX11563","ENX2062","A106","EMP1036","C1457","1/8/2020","3","2464","",""
"AX11564","ENX2037","A100","EMP1025","C1080","4/4/2020","2","880","",""
"AX11575","ENX2093","A128","EMP1020","C1359","3/5/2020","1","112","",""
"AX11587","ENX2021","A173","EMP1010","C1138","5/7/2020","2","217","",""
"AX11610","ENX2089","A108","EMP1040","C1189","5/6/2020","4","2294","",""
"AX11617","ENX2085","A124","EMP1013","C1331","1/16/2020","4","1862","",""
"AX11627","ENX2035","A131","EMP1022","C1577","4/23/2020","1","458","",""
"AX11633","ENX2044","A172","EMP1036","C1659","5/13/2020","2","886","",""
"AX11676","ENX2078","A130","EMP1015","C1458","5/16/2020","3","1798","",""
"AX11689","ENX2014","A152","EMP1034","C1542","3/25/2020","1","1809","",""
"AX11713","ENX2051","A120","EMP1003","C1619","4/12/2020","2","1077","",""
"AX11715","ENX2005","A149","EMP1039","C1251","3/12/2020","1","684","",""
"AX11733","ENX2033","A167","EMP1014","C1137","2/15/2020","1","2182","",""
"AX11754","ENX2049","A110","EMP1008","C1368","1/22/2020","1","826","",""
"AX11779","ENX2022","A140","EMP1016","C1800","5/5/2020","1","561","",""
"AX11796","ENX2058","A138","EMP1001","C1440","3/24/2020","3","2257","",""
"AX11797","ENX2092","A135","EMP1036","C1723","4/20/2020","1","1639","",""
"AX11798","ENX2049","A143","EMP1004","C1257","1/10/2020","2","826","",""
"AX11807","ENX2023","A119","EMP1024","C1244","4/10/2020","3","818","",""
"AX11833","ENX2092","A153","EMP1043","C1744","3/23/2020","1","1639","",""
"AX11870","ENX2038","A156","EMP1020","C1374","3/18/2020","1","392","",""
"AX11873","ENX2048","A123","EMP1018","C1406","4/15/2020","1","502","",""
"AX11894","ENX2064","A131","EMP1036","C1303","1/11/2020","4","1414","",""
"AX11947","ENX2000","A111","EMP1001","C1065","3/31/2020","1","2241","",""
"AX11952","ENX2047","A169","EMP1042","C1648","4/23/2020","3","290","",""
"AX11975","ENX2031","A112","EMP1029","C1752","1/5/2020","2","1638","",""
"AX11978","ENX2000","A144","EMP1032","C1073","1/30/2020","1","2241","",""
"AX11987","ENX2086","A161","EMP1010","C1092","1/18/2020","1","123","",""
"AX11995","ENX2076","A159","EMP1036","C1286","5/2/2020","1","1522","",""
"AX12026","ENX2025","A133","EMP1027","C1637","2/9/2020","1","667","",""
"AX12039","ENX2081","A172","EMP1004","C1011","3/15/2020","1","1566","",""
"AX12042","ENX2077","A162","EMP1032","C1367","3/16/2020","3","530","",""
"AX12046","ENX2033","A115","EMP1026","C1120","1/6/2020","1","2182","",""
"AX12060","ENX2076","A135","EMP1037","C1300","4/15/2020","1","1522","",""
"AX12066","ENX2078","A171","EMP1010","C1183","1/16/2020","1","1798","",""
"AX12073","ENX2090","A128","EMP1013","C1475","1/30/2020","1","1338","",""
"AX12111","ENX2029","A122","EMP1027","C1063","4/11/2020","1","1848","",""
"AX12113","ENX2008","A103","EMP1034","C1125","5/16/2020","1","315","",""
"AX12123","ENX2050","A104","EMP1003","C1070","2/26/2020","4","2391","",""
"AX12148","ENX2095","A116","EMP1044","C1359","5/19/2020","2","1743","",""
"AX12155","ENX2064","A135","EMP1019","C1334","1/14/2020","4","1414","",""
"AX12168","ENX2068","A140","EMP1007","C1669","1/16/2020","1","1500","",""
"AX12169","ENX2080","A101","EMP1022","C1784","4/21/2020","1","2353","",""
"AX12182","ENX2008","A163","EMP1010","C1160","2/5/2020","1","315","",""
"AX12207","ENX2003","A125","EMP1017","C1340","2/2/2020","3","1783","",""
"AX12215","ENX2064","A132","EMP1040","C1717","4/28/2020","2","1414","",""
"AX12223","ENX2036","A172","EMP1025","C1724","4/23/2020","1","1582","",""
"AX12235","ENX2057","A106","EMP1015","C1020","2/7/2020","1","181","",""
"AX12253","ENX2061","A115","EMP1044","C1286","2/10/2020","3","913","",""
"AX12261","ENX2050","A157","EMP1043","C1672","4/5/2020","1","2391","",""
"AX12288","ENX2044","A166","EMP1013","C1368","3/9/2020","2","886","",""
"AX12296","ENX2024","A172","EMP1034","C1496","4/9/2020","3","356","",""
"AX12305","ENX2005","A100","EMP1005","C1395","4/13/2020","1","684","",""
"AX12356","ENX2100","A116","EMP1043","C1513","4/5/2020","2","799","",""
"AX12359","ENX2010","A146","EMP1013","C1263","5/20/2020","4","1812","",""
"AX12362","ENX2062","A108","EMP1002","C1640","1/7/2020","1","2464","",""
"AX12369","ENX2008","A113","EMP1036","C1762","2/21/2020","1","315","",""
"AX12380","ENX2039","A124","EMP1031","C1615","3/14/2020","4","817","",""
"AX12391","ENX2039","A116","EMP1016","C1357","1/22/2020","1","817","",""
"AX12418","ENX2007","A118","EMP1000","C1148","2/20/2020","1","1405","",""
"AX12420","ENX2048","A105","EMP1005","C1423","5/28/2020","1","502","",""
"AX12463","ENX2041","A172","EMP1038","C1177","2/8/2020","1","1380","",""
"AX12477","ENX2044","A125","EMP1019","C1035","5/29/2020","1","886","",""
"AX12486","ENX2058","A171","EMP1004","C1368","4/1/2020","3","2257","",""
"AX12497","ENX2018","A111","EMP1024","C1709","5/25/2020","2","1972","",""
"AX12500","ENX2060","A122","EMP1007","C1713","2/2/2020","3","1467","",""
"AX12501","ENX2011","A165","EMP1041","C1015","4/12/2020","3","530","",""
"AX12503","ENX2077","A150","EMP1025","C1267","1/13/2020","1","530","",""
"AX12506","ENX2033","A148","EMP1014","C1775","1/24/2020","4","2182","",""
"AX12511","ENX2078","A161","EMP1008","C1561","1/6/2020","2","1798","",""
"AX12517","ENX2044","A147","EMP1027","C1369","2/9/2020","2","886","",""
"AX12518","ENX2053","A107","EMP1034","C1343","3/2/2020","2","596","",""
"AX12543","ENX2021","A106","EMP1012","C1635","1/28/2020","3","217","",""
"AX12563","ENX2038","A171","EMP1029","C1628","1/25/2020","3","392","",""
"AX12566","ENX2044","A156","EMP1039","C1780","3/14/2020","2","886","",""
"AX12586","ENX2075","A148","EMP1013","C1470","1/26/2020","2","400","",""
"AX12602","ENX2020","A127","EMP1013","C1210","5/11/2020","1","2005","",""
"AX12618","ENX2074","A171","EMP1032","C1220","3/8/2020","4","504","",""
"AX12624","ENX2072","A144","EMP1011","C1064","5/9/2020","4","1887","",""
"AX12626","ENX2033","A116","EMP1042","C1518","4/7/2020","4","2182","",""
"AX12630","ENX2076","A140","EMP1006","C1708","5/21/2020","1","1522","",""
"AX12636","ENX2020","A158","EMP1030","C1032","1/6/2020","3","2005","",""
"AX12639","ENX2084","A117","EMP1036","C1007","5/28/2020","1","1783","",""
"AX12651","ENX2005","A150","EMP1002","C1339","5/5/2020","3","684","",""
"AX12660","ENX2087","A118","EMP1036","C1118","5/23/2020","2","1022","",""
"AX12664","ENX2035","A163","EMP1028","C1524","3/21/2020","4","458","",""
"AX12666","ENX2008","A130","EMP1016","C1647","1/21/2020","4","315","",""
"AX12695","ENX2000","A150","EMP1020","C1071","4/16/2020","4","2241","",""
"AX12711","ENX2089","A166","EMP1001","C1503","3/23/2020","3","2294","",""
"AX12728","ENX2005","A101","EMP1032","C1503","2/23/2020","4","684","",""
"AX12742","ENX2085","A170","EMP1039","C1504","1/17/2020","1","1862","",""
"AX12756","ENX2016","A156","EMP1013","C1221","4/21/2020","2","1351","",""
"AX12758","ENX2029","A126","EMP1029","C1157","5/8/2020","1","1848","",""
"AX12777","ENX2049","A134","EMP1025","C1546","3/2/2020","1","826","",""
"AX12779","ENX2014","A170","EMP1039","C1061","2/6/2020","4","1809","",""
"AX12785","ENX2010","A157","EMP1031","C1526","4/12/2020","1","1812","",""
"AX12827","ENX2045","A148","EMP1016","C1604","2/4/2020","1","556","",""
"AX12840","ENX2007","A135","EMP1037","C1277","5/24/2020","1","1405","",""
"AX12855","ENX2011","A135","EMP1038","C1578","5/3/2020","1","530","",""
"AX12858","ENX2039","A101","EMP1015","C1218","3/21/2020","1","817","",""
"AX12899","ENX2063","A156","EMP1021","C1048","1/28/2020","2","1708","",""
"AX12906","ENX2050","A135","EMP1011","C1123","4/27/2020","2","2391","",""
"AX12912","ENX2049","A129","EMP1027","C1294","3/28/2020","1","826","",""
"AX12923","ENX2100","A129","EMP1010","C1197","5/11/2020","1","799","",""
"AX12947","ENX2088","A142","EMP1027","C1389","3/31/2020","3","603","",""
"AX12986","ENX2062","A147","EMP1006","C1083","3/20/2020","3","2464","",""
"AX12990","ENX2095","A145","EMP1003","C1151","3/29/2020","1","1743","",""
"AX13017","ENX2004","A109","EMP1017","C1575","2/15/2020","4","1278","",""
"AX13024","ENX2060","A125","EMP1021","C1324","1/27/2020","2","1467","",""
"AX13026","ENX2028","A118","EMP1015","C1523","3/3/2020","1","2283","",""
"AX13041","ENX2093","A133","EMP1041","C1670","2/15/2020","1","112","",""
"AX13045","ENX2045","A121","EMP1025","C1210","2/11/2020","2","556","",""
"AX13053","ENX2008","A162","EMP1007","C1224","1/23/2020","1","315","",""
"AX13065","ENX2021","A147","EMP1022","C1618","1/11/2020","4","217","",""
"AX13090","ENX2001","A132","EMP1036","C1454","5/15/2020","1","951","",""
"AX13093","ENX2077","A123","EMP1027","C1560","1/12/2020","3","530","",""
"AX13095","ENX2063","A118","EMP1013","C1800","2/2/2020","2","1708","",""
"AX13096","ENX2031","A104","EMP1034","C1762","4/12/2020","1","1638","",""
"AX13106","ENX2047","A155","EMP1018","C1434","5/7/2020","1","290","",""
"AX13133","ENX2034","A167","EMP1019","C1354","1/16/2020","3","871","",""
"AX13141","ENX2086","A139","EMP1042","C1000","4/26/2020","4","123","",""
"AX13148","ENX2080","A173","EMP1027","C1054","3/2/2020","4","2353","",""
"AX13150","ENX2036","A103","EMP1005","C1386","4/23/2020","3","1582","",""
"AX13155","ENX2040","A147","EMP1021","C1304","2/24/2020","2","1889","",""
"AX13159","ENX2041","A105","EMP1043","C1782","2/18/2020","4","1380","",""
"AX13166","ENX2048","A117","EMP1006","C1716","1/2/2020","1","502","",""
"AX13178","ENX2001","A101","EMP1023","C1106","3/3/2020","1","951","",""
"AX13202","ENX2048","A166","EMP1025","C1613","2/8/2020","1","502","",""
"AX13231","ENX2040","A119","EMP1002","C1366","2/6/2020","1","1889","",""
"AX13237","ENX2035","A148","EMP1018","C1543","4/18/2020","1","458","",""
"AX13242","ENX2036","A146","EMP1011","C1335","1/27/2020","1","1582","",""
"AX13281","ENX2014","A157","EMP1012","C1663","3/30/2020","1","1809","",""
"AX13298","ENX2050","A114","EMP1002","C1658","4/10/2020","1","2391","",""
"AX13300","ENX2043","A165","EMP1005","C1594","3/2/2020","3","545","",""
"AX13315","ENX2047","A157","EMP1014","C1320","3/11/2020","2","290","",""
"AX13337","ENX2049","A140","EMP1039","C1671","5/6/2020","1","826","",""
"AX13350","ENX2018","A170","EMP1034","C1457","4/20/2020","4","1972","",""
"AX13359","ENX2074","A132","EMP1024","C1546","5/26/2020","1","504","",""
"AX13377","ENX2072","A164","EMP1001","C1543","4/14/2020","2","1887","",""
"AX13382","ENX2073","A165","EMP1006","C1780","4/10/2020","1","95","",""
"AX13383","ENX2060","A113","EMP1031","C1732","1/6/2020","1","1467","",""
"AX13404","ENX2058","A157","EMP1026","C1660","5/26/2020","1","2257","",""
"AX13412","ENX2077","A132","EMP1021","C1706","2/5/2020","1","530","",""
"AX13445","ENX2085","A152","EMP1000","C1323","4/12/2020","4","1862","",""
"AX13447","ENX2021","A127","EMP1040","C1046","2/16/2020","1","217","",""
"AX13450","ENX2055","A132","EMP1024","C1354","3/16/2020","3","2495","",""
"AX13454","ENX2083","A140","EMP1034","C1480","5/9/2020","1","2141","",""
"AX13462","ENX2051","A169","EMP1039","C1563","3/8/2020","2","1077","",""
"AX13463","ENX2065","A164","EMP1004","C1322","2/28/2020","1","2396","",""
"AX13469","ENX2080","A148","EMP1043","C1065","2/24/2020","1","2353","",""
"AX13484","ENX2064","A127","EMP1023","C1385","2/2/2020","2","1414","",""
"AX13490","ENX2097","A111","EMP1013","C1647","4/27/2020","1","1052","",""
"AX13493","ENX2030","A159","EMP1033","C1664","3/4/2020","1","1899","",""
"AX13495","ENX2033","A105","EMP1013","C1743","3/7/2020","1","2182","",""
"AX13529","ENX2064","A114","EMP1021","C1047","4/20/2020","3","1414","",""
"AX13545","ENX2098","A117","EMP1028","C1001","2/4/2020","1","1178","",""
"AX13549","ENX2096","A105","EMP1031","C1539","2/15/2020","1","1587","",""
"AX13559","ENX2079","A126","EMP1032","C1488","2/20/2020","2","1725","",""
"AX13595","ENX2045","A160","EMP1042","C1327","4/9/2020","1","556","",""
"AX13614","ENX2004","A124","EMP1036","C1360","5/10/2020","3","1278","",""
"AX13630","ENX2013","A116","EMP1025","C1640","3/2/2020","2","368","",""
"AX13644","ENX2020","A162","EMP1013","C1451","2/10/2020","4","2005","",""
"AX13669","ENX2083","A126","EMP1036","C1264","3/1/2020","1","2141","",""
"AX13692","ENX2001","A125","EMP1007","C1476","2/11/2020","3","951","",""
"AX13695","ENX2061","A155","EMP1009","C1506","3/17/2020","3","913","",""
"AX13696","ENX2094","A150","EMP1016","C1030","2/1/2020","1","771","",""
"AX13700","ENX2042","A101","EMP1012","C1459","1/15/2020","3","203","",""
"AX13709","ENX2086","A159","EMP1018","C1777","5/8/2020","3","123","",""
"AX13717","ENX2055","A155","EMP1009","C1454","5/30/2020","1","2495","",""
"AX13724","ENX2018","A115","EMP1005","C1573","2/12/2020","2","1972","",""
"AX13755","ENX2054","A168","EMP1016","C1647","3/10/2020","1","127","",""
"AX13768","ENX2001","A116","EMP1013","C1372","2/14/2020","1","951","",""
"AX13833","ENX2079","A120","EMP1012","C1490","2/24/2020","4","1725","",""
"AX13862","ENX2097","A123","EMP1036","C1038","2/28/2020","1","1052","",""
"AX13881","ENX2036","A116","EMP1018","C1672","5/4/2020","1","1582","",""
"AX13940","ENX2066","A136","EMP1039","C1110","2/26/2020","1","2091","",""
"AX14002","ENX2050","A129","EMP1039","C1365","5/4/2020","1","2391","",""
"AX14013","ENX2083","A139","EMP1021","C1111","1/17/2020","1","2141","",""
"AX14026","ENX2022","A115","EMP1017","C1118","3/19/2020","1","561","",""
"AX14040","ENX2053","A160","EMP1030","C1560","5/24/2020","4","596","",""
"AX14048","ENX2079","A145","EMP1001","C1792","2/26/2020","4","1725","",""
"AX14050","ENX2056","A165","EMP1043","C1432","5/8/2020","3","1635","",""
"AX14052","ENX2067","A139","EMP1030","C1697","2/29/2020","1","1119","",""
"AX14097","ENX2054","A137","EMP1026","C1125","2/8/2020","3","127","",""
"AX14141","ENX2080","A173","EMP1028","C1254","5/16/2020","4","2353","",""
"AX14178","ENX2095","A114","EMP1023","C1253","2/3/2020","2","1743","",""
"AX14183","ENX2041","A156","EMP1016","C1257","4/16/2020","1","1380","",""
"AX14198","ENX2002","A149","EMP1037","C1032","2/26/2020","1","847","",""
"AX14212","ENX2019","A124","EMP1014","C1551","4/14/2020","1","800","",""
"AX14219","ENX2093","A126","EMP1024","C1279","4/10/2020","2","112","",""
"AX14234","ENX2062","A166","EMP1025","C1596","1/20/2020","2","2464","",""
"AX14243","ENX2064","A140","EMP1004","C1166","1/5/2020","3","1414","",""
"AX14244","ENX2027","A163","EMP1014","C1304","1/20/2020","3","2497","",""
"AX14246","ENX2050","A121","EMP1040","C1526","2/28/2020","1","2391","",""
"AX14253","ENX2009","A158","EMP1026","C1166","1/25/2020","1","584","",""
"AX14304","ENX2002","A138","EMP1027","C1264","4/3/2020","1","847","",""
"AX14311","ENX2050","A157","EMP1001","C1017","4/2/2020","4","2391","",""
"AX14349","ENX2067","A171","EMP1038","C1512","3/10/2020","1","1119","",""
"AX14359","ENX2074","A118","EMP1029","C1695","4/3/2020","1","504","",""
"AX14384","ENX2085","A123","EMP1015","C1442","3/6/2020","1","1862","",""
"AX14418","ENX2020","A109","EMP1004","C1687","4/30/2020","1","2005","",""
"AX14426","ENX2090","A102","EMP1025","C1388","2/4/2020","1","1338","",""
"AX14474","ENX2021","A132","EMP1019","C1014","3/23/2020","3","217","",""
"AX14480","ENX2088","A119","EMP1039","C1446","2/2/2020","1","603","",""
"AX14481","ENX2048","A173","EMP1026","C1629","1/8/2020","3","502","",""
"AX14485","ENX2008","A134","EMP1013","C1223","5/24/2020","3","315","",""
"AX14509","ENX2008","A103","EMP1011","C1468","2/3/2020","4","315","",""
"AX14512","ENX2025","A129","EMP1023","C1525","5/16/2020","2","667","",""
"AX14539","ENX2098","A114","EMP1013","C1098","1/16/2020","2","1178","",""
"AX14548","ENX2026","A166","EMP1020","C1136","4/14/2020","1","947","",""
"AX14594","ENX2014","A145","EMP1039","C1607","3/21/2020","1","1809","",""
"AX14609","ENX2093","A127","EMP1024","C1303","4/7/2020","2","112","",""
"AX14618","ENX2051","A113","EMP1003","C1673","1/12/2020","3","1077","",""
"AX14628","ENX2030","A117","EMP1022","C1662","3/7/2020","1","1899","",""
"AX14636","ENX2025","A108","EMP1034","C1375","3/23/2020","1","667","",""
"AX14638","ENX2058","A154","EMP1011","C1342","1/12/2020","2","2257","",""
"AX14661","ENX2093","A140","EMP1002","C1499","4/3/2020","1","112","",""
"AX14688","ENX2060","A167","EMP1014","C1792","3/21/2020","1","1467","",""
"AX14705","ENX2051","A159","EMP1035","C1134","2/18/2020","3","1077","",""
"AX14731","ENX2053","A121","EMP1014","C1464","5/5/2020","3","596","",""
"AX14778","ENX2058","A137","EMP1029","C1458","3/2/2020","1","2257","",""
"AX14801","ENX2035","A165","EMP1023","C1752","2/13/2020","1","458","",""
"AX14812","ENX2066","A158","EMP1010","C1129","5/29/2020","2","2091","",""
"AX14823","ENX2049","A145","EMP1032","C1543","2/15/2020","2","826","",""
"AX14826","ENX2082","A165","EMP1029","C1630","5/2/2020","3","1103","",""
"AX14872","ENX2060","A138","EMP1029","C1077","5/10/2020","1","1467","",""
"AX14899","ENX2089","A112","EMP1025","C1215","1/16/2020","2","2294","",""
"AX14908","ENX2002","A160","EMP1044","C1763","4/9/2020","3","847","",""
"AX14911","ENX2003","A123","EMP1021","C1306","5/14/2020","4","1783","",""
"AX14934","ENX2037","A149","EMP1000","C1567","3/8/2020","3","880","",""
"AX14969","ENX2074","A105","EMP1011","C1190","1/30/2020","3","504","",""
"AX15007","ENX2005","A141","EMP1041","C1431","1/19/2020","1","684","",""
"AX15017","ENX2080","A163","EMP1006","C1252","3/22/2020","2","2353","",""
"AX15031","ENX2091","A147","EMP1005","C1165","4/1/2020","2","368","",""
"AX15037","ENX2073","A162","EMP1037","C1145","4/1/2020","1","95","",""
"AX15052","ENX2030","A159","EMP1042","C1499","3/11/2020","4","1899","",""
"AX15104","ENX2017","A117","EMP1041","C1383","1/2/2020","1","35","",""
"AX15120","ENX2074","A144","EMP1039","C1673","5/23/2020","1","504","",""
"AX15121","ENX2038","A105","EMP1025","C1532","3/28/2020","2","392","",""
"AX15143","ENX2059","A146","EMP1004","C1524","4/29/2020","4","1494","",""
"AX15165","ENX2073","A163","EMP1001","C1313","3/24/2020","4","95","",""
"AX15168","ENX2081","A142","EMP1020","C1485","1/3/2020","1","1566","",""
"AX15170","ENX2023","A100","EMP1020","C1775","3/26/2020","2","818","",""
"AX15185","ENX2063","A145","EMP1033","C1182","3/22/2020","4","1708","",""
"AX15223","ENX2032","A165","EMP1035","C1629","3/2/2020","1","1967","",""
"AX15239","ENX2086","A136","EMP1029","C1194","3/1/2020","1","123","",""
"AX15245","ENX2088","A100","EMP1010","C1714","5/5/2020","3","603","",""
"AX15247","ENX2018","A108","EMP1004","C1263","4/24/2020","1","1972","",""
"AX15259","ENX2044","A126","EMP1021","C1008","5/29/2020","1","886","",""
"AX15292","ENX2059","A104","EMP1039","C1450","1/26/2020","3","1494","",""
"AX15332","ENX2076","A112","EMP1026","C1400","2/6/2020","3","1522","",""
"AX15344","ENX2020","A165","EMP1010","C1616","4/4/2020","1","2005","",""
"AX15356","ENX2054","A125","EMP1038","C1402","2/22/2020","1","127","",""
"AX15368","ENX2079","A104","EMP1002","C1641","3/13/2020","1","1725","",""
"AX15399","ENX2085","A164","EMP1020","C1096","2/28/2020","3","1862","",""
"AX15401","ENX2099","A151","EMP1027","C1330","1/29/2020","2","1367","",""
"AX15446","ENX2083","A141","EMP1038","C1034","5/11/2020","1","2141","",""
"AX15451","ENX2003","A163","EMP1008","C1478","3/13/2020","3","1783","",""
"AX15464","ENX2074","A139","EMP1011","C1669","5/14/2020","4","504","",""
"AX15467","ENX2020","A154","EMP1025","C1269","3/4/2020","1","2005","",""
"AX15468","ENX2040","A143","EMP1038","C1172","2/7/2020","1","1889","",""
"AX15474","ENX2084","A133","EMP1003","C1213","3/9/2020","1","1783","",""
"AX15477","ENX2056","A168","EMP1029","C1372","5/26/2020","1","1635","",""
"AX15495","ENX2023","A148","EMP1033","C1208","3/7/2020","1","818","",""
"AX15510","ENX2035","A157","EMP1012","C1056","4/5/2020","1","458","",""
"AX15512","ENX2022","A135","EMP1007","C1096","1/29/2020","1","561","",""
"AX15516","ENX2001","A110","EMP1017","C1555","2/15/2020","1","951","",""
"AX15522","ENX2060","A155","EMP1043","C1068","1/11/2020","4","1467","",""
"AX15531","ENX2039","A126","EMP1040","C1180","1/24/2020","3","817","",""
"AX15533","ENX2023","A143","EMP1004","C1198","4/9/2020","1","818","",""
"AX15538","ENX2098","A129","EMP1022","C1220","1/9/2020","4","1178","",""
"AX15551","ENX2026","A132","EMP1027","C1382","3/26/2020","2","947","",""
"AX15563","ENX2020","A104","EMP1039","C1080","3/27/2020","1","2005","",""
"AX15570","ENX2087","A164","EMP1041","C1593","5/10/2020","1","1022","",""
"AX15599","ENX2080","A164","EMP1043","C1359","2/10/2020","1","2353","",""
"AX15607","ENX2029","A137","EMP1025","C1043","4/11/2020","2","1848","",""
"AX15618","ENX2090","A117","EMP1021","C1296","2/10/2020","1","1338","",""
"AX15659","ENX2036","A123","EMP1044","C1260","1/3/2020","1","1582","",""
"AX15683","ENX2042","A123","EMP1015","C1109","2/29/2020","1","203","",""
"AX15707","ENX2077","A145","EMP1009","C1543","5/7/2020","3","530","",""
"AX15730","ENX2083","A156","EMP1015","C1751","3/2/2020","4","2141","",""
"AX15747","ENX2023","A136","EMP1027","C1519","5/15/2020","1","818","",""
"AX15752","ENX2002","A160","EMP1039","C1342","1/18/2020","1","847","",""
"AX15756","ENX2083","A102","EMP1011","C1538","4/30/2020","1","2141","",""
"AX15772","ENX2059","A153","EMP1040","C1688","3/4/2020","2","1494","",""
"AX15773","ENX2100","A120","EMP1013","C1634","3/19/2020","1","799","",""
"AX15775","ENX2052","A113","EMP1036","C1023","3/13/2020","1","1526","",""
"AX15789","ENX2031","A168","EMP1038","C1162","2/6/2020","2","1638","",""
"AX15802","ENX2045","A142","EMP1000","C1590","4/17/2020","1","556","",""
"AX15906","ENX2042","A170","EMP1018","C1606","1/2/2020","3","203","",""
"AX15912","ENX2011","A141","EMP1005","C1617","1/27/2020","1","530","",""
"AX15923","ENX2091","A134","EMP1013","C1480","5/21/2020","1","368","",""
"AX15929","ENX2080","A122","EMP1039","C1601","3/29/2020","1","2353","",""
"AX15934","ENX2009","A103","EMP1044","C1436","4/23/2020","2","584","",""
"AX15944","ENX2052","A119","EMP1031","C1533","1/17/2020","4","1526","",""
"AX15955","ENX2017","A157","EMP1030","C1147","5/19/2020","1","35","",""
"AX15956","ENX2003","A161","EMP1022","C1536","3/13/2020","1","1783","",""
"AX15959","ENX2061","A121","EMP1006","C1029","4/24/2020","3","913","",""
"AX15972","ENX2095","A114","EMP1013","C1113","2/12/2020","2","1743","",""
"AX15978","ENX2080","A172","EMP1031","C1361","1/10/2020","1","2353","",""
"AX16016","ENX2041","A127","EMP1038","C1606","2/27/2020","4","1380","",""
"AX16033","ENX2045","A157","EMP1017","C1133","2/23/2020","4","556","",""
"AX16053","ENX2008","A131","EMP1021","C1156","5/2/2020","1","315","",""
"AX16063","ENX2028","A164","EMP1029","C1510","4/26/2020","1","2283","",""
"AX16136","ENX2094","A130","EMP1005","C1684","3/28/2020","1","771","",""
"AX16142","ENX2055","A138","EMP1019","C1126","1/4/2020","3","2495","",""
"AX16149","ENX2001","A133","EMP1010","C1377","2/15/2020","2","951","",""
"AX16151","ENX2019","A126","EMP1012","C1774","1/13/2020","1","800","",""
"AX16161","ENX2078","A124","EMP1042","C1377","3/26/2020","3","1798","",""
"AX16169","ENX2076","A169","EMP1009","C1720","3/26/2020","1","1522","",""
"AX16182","ENX2007","A142","EMP1028","C1793","2/29/2020","3","1405","",""
"AX16195","ENX2035","A156","EMP1001","C1030","5/10/2020","1","458","",""
"AX16210","ENX2003","A125","EMP1009","C1418","2/11/2020","1","1783","",""
"AX16247","ENX2010","A102","EMP1033","C1431","3/16/2020","2","1812","",""
"AX16248","ENX2051","A170","EMP1023","C1092","4/2/2020","1","1077","",""
"AX16281","ENX2051","A100","EMP1035","C1302","2/25/2020","3","1077","",""
"AX16284","ENX2073","A124","EMP1038","C1542","3/21/2020","2","95","",""
"AX16286","ENX2091","A159","EMP1044","C1296","4/14/2020","1","368","",""
"AX16302","ENX2021","A136","EMP1004","C1185","3/6/2020","4","217","",""
"AX16337","ENX2007","A155","EMP1020","C1343","5/27/2020","3","1405","",""
"AX16338","ENX2067","A147","EMP1041","C1525","4/20/2020","1","1119","",""
"AX16361","ENX2037","A115","EMP1005","C1767","2/6/2020","1","880","",""
"AX16362","ENX2096","A135","EMP1016","C1335","4/2/2020","1","1587","",""
"AX16365","ENX2057","A100","EMP1044","C1264","2/6/2020","1","181","",""
"AX16369","ENX2081","A118","EMP1005","C1677","5/3/2020","1","1566","",""
"AX16379","ENX2005","A115","EMP1020","C1682","4/4/2020","3","684","",""
"AX16407","ENX2025","A112","EMP1022","C1663","4/25/2020","4","667","",""
"AX16414","ENX2000","A159","EMP1038","C1657","1/16/2020","3","2241","",""
"AX16439","ENX2023","A110","EMP1025","C1795","3/13/2020","1","818","",""
"AX16466","ENX2010","A111","EMP1007","C1573","1/15/2020","3","1812","",""
"AX16497","ENX2080","A172","EMP1020","C1560","1/31/2020","3","2353","",""
"AX16546","ENX2080","A117","EMP1022","C1314","3/12/2020","4","2353","",""
"AX16565","ENX2084","A136","EMP1000","C1686","4/1/2020","3","1783","",""
"AX16567","ENX2054","A118","EMP1000","C1439","2/18/2020","4","127","",""
"AX16578","ENX2088","A109","EMP1040","C1630","5/30/2020","3","603","",""
"AX16584","ENX2095","A116","EMP1018","C1281","5/20/2020","1","1743","",""
"AX16594","ENX2034","A147","EMP1044","C1561","5/26/2020","1","871","",""
"AX16611","ENX2069","A154","EMP1009","C1196","2/10/2020","3","378","",""
"AX16680","ENX2088","A129","EMP1042","C1107","2/17/2020","1","603","",""
"AX16698","ENX2057","A115","EMP1023","C1639","4/29/2020","1","181","",""
"AX16701","ENX2009","A113","EMP1002","C1777","2/1/2020","1","584","",""
"AX16706","ENX2033","A155","EMP1037","C1078","2/20/2020","3","2182","",""
"AX16716","ENX2058","A108","EMP1021","C1138","5/29/2020","1","2257","",""
"AX16719","ENX2024","A112","EMP1028","C1098","2/21/2020","3","356","",""
"AX16723","ENX2006","A121","EMP1022","C1394","1/3/2020","1","1826","",""
"AX16742","ENX2091","A134","EMP1036","C1213","4/26/2020","1","368","",""
"AX16754","ENX2082","A117","EMP1018","C1525","2/27/2020","3","1103","",""
"AX16771","ENX2005","A100","EMP1040","C1724","2/26/2020","1","684","",""
"AX16776","ENX2051","A144","EMP1027","C1098","3/30/2020","1","1077","",""
"AX16793","ENX2063","A133","EMP1041","C1794","2/12/2020","3","1708","",""
"AX16805","ENX2050","A168","EMP1026","C1192","2/29/2020","1","2391","",""
"AX16825","ENX2014","A165","EMP1007","C1596","5/21/2020","1","1809","",""
"AX16827","ENX2086","A128","EMP1022","C1408","2/21/2020","3","123","",""
"AX16831","ENX2087","A143","EMP1012","C1545","5/23/2020","1","1022","",""
"AX16887","ENX2067","A169","EMP1018","C1322","5/9/2020","1","1119","",""
"AX16937","ENX2043","A151","EMP1031","C1622","2/24/2020","3","545","",""
"AX16942","ENX2003","A154","EMP1044","C1711","5/8/2020","3","1783","",""
"AX16944","ENX2055","A127","EMP1038","C1657","2/24/2020","3","2495","",""
"AX16963","ENX2068","A140","EMP1020","C1457","1/15/2020","3","1500","",""
"AX16966","ENX2083","A117","EMP1015","C1633","3/18/2020","4","2141","",""
"AX16981","ENX2025","A149","EMP1039","C1752","1/9/2020","2","667","",""
"AX16995","ENX2087","A115","EMP1028","C1044","5/28/2020","1","1022","",""
"AX17005","ENX2066","A109","EMP1011","C1099","4/19/2020","3","2091","",""
"AX17010","ENX2082","A103","EMP1031","C1675","2/20/2020","3","1103","",""
"AX17017","ENX2021","A145","EMP1033","C1144","4/19/2020","3","217","",""
"AX17036","ENX2036","A159","EMP1020","C1209","5/8/2020","1","1582","",""
"AX17039","ENX2000","A127","EMP1013","C1692","4/26/2020","1","2241","",""
"AX17065","ENX2067","A147","EMP1024","C1325","3/27/2020","2","1119","",""
"AX17066","ENX2022","A151","EMP1024","C1481","1/23/2020","4","561","",""
"AX17075","ENX2077","A108","EMP1033","C1304","2/28/2020","1","530","",""
"AX17077","ENX2064","A114","EMP1027","C1464","5/25/2020","2","1414","",""
"AX17112","ENX2033","A106","EMP1021","C1014","5/5/2020","1","2182","",""
"AX17153","ENX2092","A112","EMP1005","C1637","1/16/2020","1","1639","",""
"AX17164","ENX2056","A130","EMP1029","C1447","4/1/2020","1","1635","",""
"AX17182","ENX2034","A113","EMP1024","C1720","2/21/2020","1","871","",""
"AX17218","ENX2066","A162","EMP1025","C1079","5/2/2020","1","2091","",""
"AX17227","ENX2059","A141","EMP1015","C1515","1/4/2020","3","1494","",""
"AX17239","ENX2065","A105","EMP1035","C1582","3/12/2020","4","2396","",""
"AX17248","ENX2048","A134","EMP1028","C1698","1/12/2020","1","502","",""
"AX17270","ENX2031","A116","EMP1042","C1279","5/8/2020","1","1638","",""
"AX17282","ENX2082","A149","EMP1044","C1788","3/16/2020","1","1103","",""
"AX17308","ENX2093","A138","EMP1033","C1199","3/25/2020","1","112","",""
"AX17326","ENX2078","A114","EMP1025","C1193","3/19/2020","3","1798","",""
"AX17328","ENX2089","A173","EMP1033","C1088","4/7/2020","1","2294","",""
"AX17346","ENX2087","A146","EMP1000","C1632","5/23/2020","3","1022","",""
"AX17359","ENX2041","A118","EMP1002","C1336","5/18/2020","1","1380","",""
"AX17367","ENX2071","A140","EMP1019","C1152","3/28/2020","2","136","",""
"AX17369","ENX2074","A132","EMP1039","C1788","2/19/2020","1","504","",""
"AX17372","ENX2065","A124","EMP1041","C1655","3/28/2020","1","2396","",""
"AX17379","ENX2068","A117","EMP1019","C1096","2/5/2020","3","1500","",""
"AX17381","ENX2039","A159","EMP1043","C1204","2/8/2020","1","817","",""
"AX17395","ENX2044","A167","EMP1018","C1333","4/13/2020","1","886","",""
"AX17408","ENX2062","A146","EMP1037","C1713","3/31/2020","2","2464","",""
"AX17442","ENX2027","A139","EMP1012","C1212","2/1/2020","3","2497","",""
"AX17476","ENX2085","A127","EMP1027","C1321","3/17/2020","4","1862","",""
"AX17482","ENX2065","A167","EMP1006","C1728","4/12/2020","1","2396","",""
"AX17483","ENX2015","A116","EMP1011","C1122","4/8/2020","1","637","",""
"AX17488","ENX2035","A126","EMP1015","C1011","2/1/2020","1","458","",""
"AX17493","ENX2073","A100","EMP1040","C1371","2/13/2020","3","95","",""
"AX17499","ENX2087","A116","EMP1010","C1147","2/5/2020","3","1022","",""
"AX17514","ENX2092","A136","EMP1017","C1454","3/21/2020","4","1639","",""
"AX17525","ENX2064","A172","EMP1039","C1161","1/24/2020","1","1414","",""
"AX17526","ENX2095","A155","EMP1028","C1590","5/17/2020","4","1743","",""
"AX17536","ENX2084","A117","EMP1023","C1101","2/5/2020","1","1783","",""
"AX17558","ENX2020","A151","EMP1030","C1351","1/23/2020","2","2005","",""
"AX17592","ENX2067","A139","EMP1019","C1627","4/8/2020","1","1119","",""
"AX17608","ENX2044","A122","EMP1006","C1450","4/1/2020","1","886","",""
"AX17632","ENX2078","A115","EMP1037","C1703","5/2/2020","4","1798","",""
"AX17648","ENX2075","A169","EMP1024","C1597","4/16/2020","1","400","",""
"AX17651","ENX2092","A111","EMP1026","C1077","3/1/2020","2","1639","",""
"AX17658","ENX2049","A111","EMP1018","C1707","2/23/2020","3","826","",""
"AX17675","ENX2051","A104","EMP1020","C1384","5/3/2020","3","1077","",""
"AX17683","ENX2017","A146","EMP1027","C1721","1/26/2020","1","35","",""
"AX17690","ENX2061","A126","EMP1003","C1049","5/3/2020","3","913","",""
"AX17717","ENX2093","A117","EMP1000","C1658","5/26/2020","2","112","",""
"AX17729","ENX2032","A113","EMP1034","C1091","4/6/2020","2","1967","",""
"AX17748","ENX2060","A163","EMP1027","C1620","5/24/2020","1","1467","",""
"AX17754","ENX2005","A115","EMP1038","C1519","5/20/2020","4","684","",""
"AX17756","ENX2019","A122","EMP1004","C1307","3/3/2020","4","800","",""
"AX17760","ENX2100","A108","EMP1037","C1469","1/28/2020","3","799","",""
"AX17787","ENX2007","A145","EMP1008","C1637","5/19/2020","1","1405","",""
"AX17792","ENX2045","A155","EMP1016","C1125","3/20/2020","1","556","",""
"AX17809","ENX2066","A111","EMP1043","C1726","3/1/2020","2","2091","",""
"AX17820","ENX2100","A168","EMP1029","C1002","1/22/2020","1","799","",""
"AX17834","ENX2058","A129","EMP1041","C1068","3/19/2020","1","2257","",""
"AX17846","ENX2078","A131","EMP1024","C1174","3/22/2020","2","1798","",""
"AX17860","ENX2044","A113","EMP1006","C1499","1/30/2020","4","886","",""
"AX17913","ENX2019","A123","EMP1036","C1000","3/21/2020","2","800","",""
"AX17977","ENX2023","A107","EMP1015","C1529","2/13/2020","1","818","",""
"AX18005","ENX2028","A138","EMP1043","C1040","4/13/2020","4","2283","",""
"AX18010","ENX2014","A131","EMP1008","C1497","4/16/2020","2","1809","",""
"AX18031","ENX2031","A144","EMP1042","C1021","3/7/2020","1","1638","",""
"AX18033","ENX2084","A108","EMP1042","C1698","3/19/2020","1","1783","",""
"AX18047","ENX2085","A168","EMP1040","C1165","2/23/2020","2","1862","",""
"AX18066","ENX2001","A149","EMP1018","C1357","5/1/2020","1","951","",""
"AX18076","ENX2052","A153","EMP1004","C1498","1/6/2020","1","1526","",""
"AX18081","ENX2069","A108","EMP1017","C1002","2/9/2020","1","378","",""
"AX18118","ENX2000","A107","EMP1030","C1296","4/25/2020","2","2241","",""
"AX18134","ENX2007","A112","EMP1023","C1576","5/20/2020","1","1405","",""
"AX18185","ENX2050","A159","EMP1004","C1692","5/10/2020","2","2391","",""
"AX18194","ENX2001","A168","EMP1016","C1604","3/12/2020","1","951","",""
"AX18206","ENX2013","A157","EMP1022","C1011","2/20/2020","3","368","",""
"AX18248","ENX2064","A150","EMP1016","C1113","5/11/2020","3","1414","",""
"AX18277","ENX2080","A123","EMP1021","C1377","2/18/2020","1","2353","",""
"AX18291","ENX2082","A168","EMP1014","C1756","3/16/2020","2","1103","",""
"AX18303","ENX2066","A141","EMP1043","C1570","2/20/2020","3","2091","",""
"AX18328","ENX2073","A114","EMP1029","C1239","5/15/2020","4","95","",""
"AX18352","ENX2083","A123","EMP1035","C1058","3/8/2020","1","2141","",""
"AX18361","ENX2071","A151","EMP1000","C1530","4/27/2020","1","136","",""
"AX18391","ENX2095","A100","EMP1015","C1123","4/25/2020","4","1743","",""
"AX18428","ENX2062","A137","EMP1022","C1756","1/6/2020","3","2464","",""
"AX18442","ENX2078","A111","EMP1037","C1556","5/22/2020","1","1798","",""
"AX18450","ENX2041","A142","EMP1040","C1117","4/27/2020","1","1380","",""
"AX18454","ENX2095","A131","EMP1004","C1775","3/20/2020","3","1743","",""
"AX18471","ENX2086","A110","EMP1032","C1533","4/14/2020","4","123","",""
"AX18496","ENX2067","A126","EMP1017","C1566","3/4/2020","3","1119","",""
"AX18507","ENX2035","A164","EMP1036","C1079","2/4/2020","3","458","",""
"AX18519","ENX2070","A172","EMP1018","C1747","4/25/2020","2","1671","",""
"AX18525","ENX2023","A165","EMP1019","C1752","3/10/2020","1","818","",""
"AX18534","ENX2060","A167","EMP1008","C1013","5/20/2020","1","1467","",""
"AX18541","ENX2039","A146","EMP1024","C1702","3/22/2020","1","817","",""
"AX18596","ENX2086","A145","EMP1006","C1137","3/25/2020","1","123","",""
"AX18600","ENX2037","A152","EMP1009","C1245","1/28/2020","1","880","",""
"AX18608","ENX2076","A157","EMP1022","C1207","4/19/2020","1","1522","",""
"AX18610","ENX2087","A131","EMP1029","C1681","3/19/2020","1","1022","",""
"AX18633","ENX2074","A171","EMP1035","C1022","4/26/2020","1","504","",""
"AX18636","ENX2043","A112","EMP1037","C1289","2/17/2020","3","545","",""
"AX18658","ENX2055","A147","EMP1021","C1196","2/10/2020","1","2495","",""
"AX18672","ENX2058","A133","EMP1022","C1079","2/21/2020","3","2257","",""
"AX18678","ENX2028","A145","EMP1018","C1121","2/3/2020","3","2283","",""
"AX18710","ENX2093","A108","EMP1001","C1011","3/12/2020","1","112","",""
"AX18798","ENX2043","A101","EMP1002","C1441","3/17/2020","1","545","",""
"AX18803","ENX2090","A127","EMP1034","C1344","4/19/2020","1","1338","",""
"AX18806","ENX2092","A128","EMP1043","C1778","1/8/2020","1","1639","",""
"AX18817","ENX2043","A118","EMP1012","C1262","2/13/2020","2","545","",""
"AX18825","ENX2032","A157","EMP1031","C1678","2/27/2020","3","1967","",""
"AX18826","ENX2052","A135","EMP1040","C1377","3/1/2020","3","1526","",""
"AX18829","ENX2011","A101","EMP1029","C1449","2/28/2020","1","530","",""
"AX18831","ENX2072","A102","EMP1018","C1634","3/9/2020","2","1887","",""
"AX18836","ENX2085","A161","EMP1018","C1342","3/31/2020","1","1862","",""
"AX18837","ENX2072","A140","EMP1034","C1509","5/2/2020","4","1887","",""
"AX18857","ENX2088","A116","EMP1037","C1545","2/1/2020","3","603","",""
"AX18921","ENX2031","A125","EMP1043","C1138","1/14/2020","3","1638","",""
"AX18936","ENX2080","A134","EMP1044","C1758","4/7/2020","2","2353","",""
"AX18951","ENX2040","A172","EMP1040","C1709","1/10/2020","1","1889","",""
"AX18974","ENX2049","A137","EMP1009","C1487","3/17/2020","3","826","",""
"AX18975","ENX2058","A160","EMP1031","C1707","2/12/2020","1","2257","",""
"AX18987","ENX2061","A114","EMP1011","C1155","1/9/2020","1","913","",""
"AX18994","ENX2015","A149","EMP1004","C1033","1/20/2020","1","637","",""
"AX19003","ENX2077","A114","EMP1030","C1398","4/10/2020","1","530","",""
"AX19022","ENX2065","A146","EMP1016","C1508","5/22/2020","1","2396","",""
"AX19052","ENX2075","A158","EMP1009","C1434","5/17/2020","1","400","",""
"AX19082","ENX2040","A151","EMP1003","C1260","2/17/2020","1","1889","",""
"AX19091","ENX2023","A121","EMP1016","C1190","1/17/2020","1","818","",""
"AX19097","ENX2007","A127","EMP1017","C1724","5/11/2020","1","1405","",""
"AX19098","ENX2058","A146","EMP1016","C1318","4/4/2020","3","2257","",""
"AX19102","ENX2034","A119","EMP1026","C1350","5/21/2020","1","871","",""
"AX19118","ENX2096","A144","EMP1026","C1363","1/28/2020","1","1587","",""
"AX19161","ENX2034","A129","EMP1033","C1749","1/13/2020","1","871","",""
"AX19168","ENX2046","A167","EMP1025","C1530","5/24/2020","1","2410","",""
"AX19173","ENX2002","A142","EMP1024","C1102","2/15/2020","2","847","",""
"AX19182","ENX2029","A116","EMP1017","C1365","2/15/2020","1","1848","",""
"AX19206","ENX2054","A105","EMP1037","C1584","2/29/2020","4","127","",""
"AX19225","ENX2028","A137","EMP1009","C1236","2/9/2020","3","2283","",""
"AX19267","ENX2076","A152","EMP1039","C1209","5/12/2020","1","1522","",""
"AX19272","ENX2017","A135","EMP1006","C1308","2/20/2020","2","35","",""
"AX19274","ENX2071","A170","EMP1003","C1756","2/8/2020","4","136","",""
"AX19276","ENX2015","A135","EMP1040","C1087","1/5/2020","1","637","",""
"AX19308","ENX2095","A114","EMP1034","C1393","4/27/2020","4","1743","",""
"AX19332","ENX2012","A147","EMP1002","C1021","2/9/2020","4","1353","",""
"AX19352","ENX2098","A143","EMP1040","C1711","5/2/2020","2","1178","",""
"AX19353","ENX2017","A132","EMP1022","C1000","4/4/2020","1","35","",""
"AX19387","ENX2043","A173","EMP1003","C1317","3/11/2020","1","545","",""
"AX19413","ENX2004","A168","EMP1003","C1789","1/6/2020","4","1278","",""
"AX19433","ENX2028","A114","EMP1014","C1162","2/5/2020","1","2283","",""
"AX19435","ENX2012","A168","EMP1019","C1459","2/18/2020","1","1353","",""
"AX19440","ENX2077","A145","EMP1012","C1348","4/11/2020","4","530","",""
"AX19449","ENX2028","A151","EMP1029","C1153","4/23/2020","3","2283","",""
"AX19455","ENX2080","A151","EMP1018","C1331","2/19/2020","1","2353","",""
"AX19503","ENX2093","A154","EMP1022","C1655","3/27/2020","3","112","",""
"AX19512","ENX2073","A142","EMP1019","C1410","4/5/2020","1","95","",""
"AX19520","ENX2028","A138","EMP1039","C1377","1/4/2020","1","2283","",""
"AX19530","ENX2081","A121","EMP1033","C1724","2/16/2020","1","1566","",""
"AX19537","ENX2098","A116","EMP1029","C1044","3/15/2020","1","1178","",""
"AX19554","ENX2013","A133","EMP1044","C1536","3/20/2020","2","368","",""
"AX19560","ENX2077","A142","EMP1012","C1571","4/3/2020","3","530","",""
"AX19571","ENX2095","A128","EMP1015","C1671","5/19/2020","2","1743","",""
"AX19573","ENX2071","A102","EMP1004","C1751","4/10/2020","1","136","",""
"AX19603","ENX2000","A121","EMP1010","C1031","1/28/2020","3","2241","",""
"AX19605","ENX2018","A106","EMP1035","C1229","2/25/2020","1","1972","",""
"AX19626","ENX2003","A106","EMP1005","C1259","4/26/2020","3","1783","",""
"AX19646","ENX2040","A146","EMP1035","C1292","1/20/2020","1","1889","",""
"AX19655","ENX2000","A173","EMP1032","C1279","1/6/2020","1","2241","",""
"AX19686","ENX2021","A162","EMP1006","C1243","2/12/2020","3","217","",""
"AX19720","ENX2023","A156","EMP1035","C1720","5/8/2020","1","818","",""
"AX19743","ENX2059","A173","EMP1027","C1130","4/11/2020","3","1494","",""
"AX19755","ENX2011","A163","EMP1006","C1062","2/19/2020","4","530","",""
"AX19762","ENX2086","A143","EMP1017","C1736","5/25/2020","1","123","",""
"AX19763","ENX2088","A120","EMP1034","C1404","3/6/2020","4","603","",""
"AX19789","ENX2007","A170","EMP1021","C1131","2/15/2020","2","1405","",""
"AX19790","ENX2039","A149","EMP1030","C1725","3/22/2020","2","817","",""
"AX19791","ENX2087","A147","EMP1028","C1371","2/5/2020","3","1022","",""
"AX19795","ENX2076","A110","EMP1039","C1707","1/17/2020","1","1522","",""
"AX19799","ENX2077","A133","EMP1003","C1524","1/9/2020","2","530","",""
"AX19817","ENX2015","A170","EMP1026","C1538","1/23/2020","3","637","",""
"AX19834","ENX2003","A145","EMP1025","C1234","1/5/2020","4","1783","",""
"AX19835","ENX2092","A154","EMP1010","C1719","1/21/2020","4","1639","",""
"AX19842","ENX2013","A131","EMP1041","C1751","1/2/2020","4","368","",""
"AX19855","ENX2065","A125","EMP1005","C1103","3/18/2020","1","2396","",""
"AX19857","ENX2039","A119","EMP1043","C1789","3/23/2020","1","817","",""
"AX19861","ENX2071","A129","EMP1036","C1160","5/28/2020","3","136","",""
"AX19868","ENX2040","A122","EMP1019","C1117","3/16/2020","1","1889","",""
"AX19878","ENX2070","A141","EMP1000","C1783","1/21/2020","3","1671","",""
"AX19880","ENX2013","A162","EMP1040","C1124","4/3/2020","1","368","",""
"AX19906","ENX2069","A154","EMP1041","C1400","2/2/2020","1","378","",""
"AX19913","ENX2036","A111","EMP1044","C1382","4/17/2020","1","1582","",""
"AX19935","ENX2003","A143","EMP1005","C1658","1/11/2020","1","1783","",""
"AX19975","ENX2088","A112","EMP1013","C1765","2/26/2020","4","603","",""
"AX19996","ENX2031","A116","EMP1019","C1433","3/18/2020","1","1638","",""
"AX19999","ENX2020","A122","EMP1038","C1430","2/26/2020","3","2005","",""
"AX20005","ENX2055","A151","EMP1031","C1488","4/9/2020","1","2495","",""
"AX20017","ENX2018","A160","EMP1030","C1043","1/18/2020","1","1972","",""
"AX20020","ENX2022","A142","EMP1039","C1766","1/6/2020","3","561","",""
"AX20035","ENX2015","A147","EMP1016","C1685","5/5/2020","4","637","",""
"AX20041","ENX2055","A156","EMP1021","C1070","3/10/2020","1","2495","",""
"AX20042","ENX2013","A127","EMP1007","C1347","3/9/2020","2","368","",""
"AX20083","ENX2093","A124","EMP1031","C1184","5/30/2020","1","112","",""
"AX20122","ENX2092","A154","EMP1029","C1619","2/9/2020","1","1639","",""
"AX20133","ENX2000","A147","EMP1023","C1325","3/13/2020","3","2241","",""
"AX20145","ENX2056","A171","EMP1011","C1090","4/18/2020","4","1635","",""
"AX20153","ENX2070","A107","EMP1006","C1655","3/13/2020","1","1671","",""
"AX20172","ENX2061","A121","EMP1041","C1521","2/4/2020","1","913","",""
"AX20222","ENX2033","A114","EMP1007","C1105","3/30/2020","1","2182","",""
"AX20258","ENX2066","A138","EMP1037","C1752","3/29/2020","2","2091","",""
"AX20265","ENX2062","A114","EMP1005","C1164","3/18/2020","3","2464","",""
"AX20268","ENX2094","A173","EMP1036","C1289","3/6/2020","2","771","",""
"AX20270","ENX2009","A117","EMP1010","C1724","2/9/2020","1","584","",""
"AX20274","ENX2035","A122","EMP1041","C1016","5/26/2020","3","458","",""
"AX20275","ENX2045","A107","EMP1009","C1186","3/6/2020","4","556","",""
"AX20286","ENX2055","A145","EMP1009","C1342","4/19/2020","1","2495","",""
"AX20293","ENX2044","A137","EMP1038","C1118","3/16/2020","4","886","",""
"AX20322","ENX2033","A122","EMP1042","C1255","1/25/2020","2","2182","",""
"AX20330","ENX2020","A132","EMP1040","C1753","3/2/2020","1","2005","",""
"AX20337","ENX2082","A132","EMP1004","C1248","2/27/2020","1","1103","",""
"AX20353","ENX2060","A125","EMP1023","C1455","1/7/2020","1","1467","",""
"AX20378","ENX2076","A102","EMP1022","C1100","2/5/2020","2","1522","",""
"AX20393","ENX2033","A160","EMP1041","C1449","2/16/2020","2","2182","",""
"AX20399","ENX2002","A146","EMP1033","C1551","3/31/2020","3","847","",""
"AX20414","ENX2084","A145","EMP1009","C1384","5/9/2020","1","1783","",""
"AX20417","ENX2078","A156","EMP1028","C1566","4/8/2020","2","1798","",""
"AX20418","ENX2009","A151","EMP1034","C1063","4/27/2020","1","584","",""
"AX20426","ENX2047","A137","EMP1043","C1392","2/14/2020","1","290","",""
"AX20452","ENX2015","A168","EMP1012","C1039","4/25/2020","3","637","",""
"AX20454","ENX2071","A106","EMP1012","C1174","1/31/2020","3","136","",""
"AX20473","ENX2099","A127","EMP1039","C1505","3/21/2020","1","1367","",""
"AX20488","ENX2036","A104","EMP1038","C1350","1/12/2020","2","1582","",""
"AX20501","ENX2013","A127","EMP1030","C1444","3/13/2020","2","368","",""
"AX20509","ENX2005","A157","EMP1039","C1532","1/14/2020","4","684","",""
"AX20527","ENX2033","A152","EMP1008","C1706","5/29/2020","1","2182","",""
"AX20546","ENX2007","A140","EMP1032","C1531","3/25/2020","1","1405","",""
"AX20553","ENX2073","A112","EMP1012","C1154","4/23/2020","1","95","",""
"AX20568","ENX2030","A114","EMP1031","C1508","2/28/2020","1","1899","",""
"AX20599","ENX2028","A152","EMP1017","C1676","1/7/2020","4","2283","",""
"AX20616","ENX2070","A102","EMP1043","C1092","5/6/2020","1","1671","",""
"AX20641","ENX2064","A138","EMP1025","C1164","5/6/2020","1","1414","",""
"AX20657","ENX2075","A139","EMP1034","C1209","4/1/2020","1","400","",""
"AX20673","ENX2056","A153","EMP1022","C1695","1/28/2020","1","1635","",""
"AX20679","ENX2053","A173","EMP1007","C1773","2/11/2020","2","596","",""
"AX20683","ENX2007","A162","EMP1024","C1590","2/3/2020","2","1405","",""
"AX20699","ENX2066","A169","EMP1004","C1772","4/7/2020","4","2091","",""
"AX20711","ENX2098","A140","EMP1016","C1523","4/29/2020","2","1178","",""
"AX20723","ENX2010","A146","EMP1043","C1584","3/18/2020","2","1812","",""
"AX20728","ENX2035","A102","EMP1018","C1129","3/20/2020","1","458","",""
"AX20734","ENX2046","A160","EMP1005","C1636","5/14/2020","1","2410","",""
"AX20750","ENX2071","A115","EMP1017","C1559","4/24/2020","1","136","",""
"AX20763","ENX2095","A115","EMP1008","C1034","4/21/2020","1","1743","",""
"AX20800","ENX2081","A133","EMP1033","C1348","4/27/2020","1","1566","",""
"AX20825","ENX2067","A120","EMP1004","C1392","4/7/2020","2","1119","",""
"AX20835","ENX2022","A156","EMP1029","C1097","2/8/2020","2","561","",""
"AX20855","ENX2047","A103","EMP1016","C1620","1/29/2020","3","290","",""
"AX20863","ENX2049","A148","EMP1018","C1000","4/29/2020","3","826","",""
"AX20884","ENX2049","A170","EMP1030","C1542","4/20/2020","3","826","",""
"AX20904","ENX2016","A163","EMP1030","C1512","5/12/2020","1","1351","",""
"AX20939","ENX2017","A155","EMP1021","C1416","5/22/2020","1","35","",""
"AX20986","ENX2055","A112","EMP1044","C1007","5/19/2020","1","2495","",""
"AX20992","ENX2084","A147","EMP1004","C1709","3/1/2020","1","1783","",""
"AX21001","ENX2004","A156","EMP1016","C1324","5/19/2020","1","1278","",""
"AX21024","ENX2060","A105","EMP1007","C1789","5/17/2020","2","1467","",""
"AX21042","ENX2010","A116","EMP1010","C1357","1/1/2020","1","1812","",""
"AX21065","ENX2097","A170","EMP1006","C1287","3/13/2020","1","1052","",""
"AX21079","ENX2086","A158","EMP1033","C1714","5/28/2020","1","123","",""
"AX21086","ENX2053","A161","EMP1043","C1016","1/16/2020","2","596","",""
"AX21126","ENX2000","A150","EMP1038","C1506","3/22/2020","1","2241","",""
"AX21127","ENX2041","A172","EMP1044","C1179","4/22/2020","3","1380","",""
"AX21135","ENX2047","A132","EMP1042","C1773","4/28/2020","2","290","",""
"AX21153","ENX2042","A172","EMP1035","C1507","1/25/2020","1","203","",""
"AX21164","ENX2027","A169","EMP1018","C1658","1/29/2020","1","2497","",""
"AX21172","ENX2029","A124","EMP1033","C1424","3/26/2020","1","1848","",""
"AX21174","ENX2039","A102","EMP1035","C1185","2/9/2020","1","817","",""
"AX21198","ENX2046","A131","EMP1024","C1095","1/19/2020","1","2410","",""
"AX21201","ENX2080","A113","EMP1014","C1383","3/4/2020","4","2353","",""
"AX21215","ENX2055","A102","EMP1002","C1402","5/4/2020","1","2495","",""
"AX21223","ENX2099","A153","EMP1003","C1273","5/11/2020","1","1367","",""
"AX21242","ENX2001","A162","EMP1025","C1538","3/1/2020","1","951","",""
"AX21244","ENX2054","A101","EMP1041","C1753","3/18/2020","1","127","",""
"AX21251","ENX2024","A120","EMP1014","C1061","1/2/2020","1","356","",""
"AX21269","ENX2015","A100","EMP1033","C1407","1/28/2020","1","637","",""
"AX21282","ENX2090","A118","EMP1018","C1223","1/16/2020","2","1338","",""
"AX21292","ENX2094","A113","EMP1011","C1688","4/20/2020","1","771","",""
"AX21338","ENX2026","A101","EMP1020","C1603","4/7/2020","1","947","",""
"AX21382","ENX2056","A152","EMP1007","C1777","4/17/2020","1","1635","",""
"AX21385","ENX2095","A138","EMP1044","C1303","3/18/2020","1","1743","",""
"AX21393","ENX2060","A120","EMP1039","C1160","4/27/2020","1","1467","",""
"AX21402","ENX2015","A142","EMP1038","C1451","5/15/2020","4","637","",""
"AX21408","ENX2081","A134","EMP1028","C1376","5/27/2020","1","1566","",""
"AX21412","ENX2082","A148","EMP1012","C1361","5/10/2020","2","1103","",""
"AX21416","ENX2064","A107","EMP1023","C1681","3/20/2020","3","1414","",""
"AX21423","ENX2040","A172","EMP1018","C1578","3/18/2020","1","1889","",""
"AX21447","ENX2090","A104","EMP1043","C1123","5/8/2020","1","1338","",""
"AX21460","ENX2094","A133","EMP1031","C1525","2/24/2020","2","771","",""
"AX21471","ENX2047","A157","EMP1039","C1449","5/20/2020","1","290","",""
"AX21478","ENX2039","A132","EMP1022","C1625","5/15/2020","1","817","",""
"AX21479","ENX2046","A160","EMP1040","C1317","1/21/2020","1","2410","",""
"AX21493","ENX2032","A165","EMP1007","C1080","3/4/2020","1","1967","",""
"AX21521","ENX2063","A131","EMP1041","C1103","2/9/2020","1","1708","",""
"AX21536","ENX2067","A137","EMP1018","C1003","3/27/2020","1","1119","",""
"AX21581","ENX2050","A143","EMP1010","C1146","2/24/2020","1","2391","",""
"AX21589","ENX2086","A101","EMP1013","C1725","2/6/2020","3","123","",""
"AX21606","ENX2061","A141","EMP1034","C1539","3/23/2020","1","913","",""
"AX21628","ENX2092","A129","EMP1044","C1335","4/24/2020","1","1639","",""
"AX21644","ENX2040","A158","EMP1031","C1322","5/18/2020","1","1889","",""
"AX21663","ENX2013","A142","EMP1024","C1270","3/16/2020","3","368","",""
"AX21678","ENX2080","A158","EMP1008","C1332","2/11/2020","1","2353","",""
"AX21722","ENX2055","A144","EMP1009","C1044","2/15/2020","1","2495","",""
"AX21760","ENX2034","A116","EMP1033","C1301","2/18/2020","3","871","",""
"AX21763","ENX2067","A157","EMP1044","C1176","3/3/2020","2","1119","",""
"AX21772","ENX2056","A101","EMP1038","C1123","2/24/2020","2","1635","",""
"AX21793","ENX2051","A124","EMP1025","C1680","5/1/2020","1","1077","",""
"AX21798","ENX2040","A109","EMP1036","C1367","5/8/2020","3","1889","",""
"AX21802","ENX2075","A172","EMP1033","C1067","1/2/2020","4","400","",""
"AX21840","ENX2023","A127","EMP1016","C1057","2/16/2020","1","818","",""
"AX21845","ENX2062","A132","EMP1037","C1353","1/1/2020","1","2464","",""
"AX21857","ENX2076","A173","EMP1003","C1252","2/19/2020","2","1522","",""
"AX21883","ENX2077","A104","EMP1013","C1001","3/31/2020","2","530","",""
"AX21916","ENX2081","A108","EMP1009","C1232","4/20/2020","1","1566","",""
"AX21953","ENX2041","A141","EMP1037","C1127","3/6/2020","2","1380","",""
"AX21954","ENX2017","A110","EMP1004","C1555","2/3/2020","3","35","",""
"AX21996","ENX2061","A120","EMP1014","C1560","3/29/2020","1","913","",""
"AX22029","ENX2057","A148","EMP1033","C1433","5/28/2020","3","181","",""
"AX22031","ENX2046","A108","EMP1034","C1604","2/15/2020","3","2410","",""
"AX22036","ENX2083","A137","EMP1015","C1687","5/28/2020","1","2141","",""
"AX22039","ENX2059","A123","EMP1022","C1301","3/9/2020","1","1494","",""
"AX22055","ENX2029","A133","EMP1028","C1451","1/26/2020","1","1848","",""
"AX22067","ENX2025","A143","EMP1001","C1669","4/5/2020","1","667","",""
"AX22071","ENX2083","A106","EMP1003","C1543","3/31/2020","1","2141","",""
"AX22084","ENX2043","A121","EMP1008","C1643","1/8/2020","3","545","",""
"AX22088","ENX2057","A154","EMP1010","C1798","2/16/2020","1","181","",""
"AX22137","ENX2076","A145","EMP1038","C1328","4/8/2020","1","1522","",""
"AX22161","ENX2079","A146","EMP1018","C1115","3/6/2020","3","1725","",""
"AX22176","ENX2038","A152","EMP1044","C1774","1/15/2020","1","392","",""
"AX22179","ENX2056","A164","EMP1039","C1375","5/3/2020","2","1635","",""
"AX22180","ENX2057","A166","EMP1002","C1116","3/9/2020","1","181","",""
"AX22187","ENX2081","A150","EMP1017","C1722","2/15/2020","1","1566","",""
"AX22189","ENX2027","A118","EMP1031","C1523","5/21/2020","1","2497","",""
"AX22199","ENX2018","A122","EMP1026","C1624","1/29/2020","2","1972","",""
"AX22200","ENX2010","A101","EMP1027","C1693","5/8/2020","1","1812","",""
"AX22202","ENX2030","A142","EMP1000","C1322","5/1/2020","1","1899","",""
"AX22205","ENX2002","A173","EMP1012","C1382","3/30/2020","3","847","",""
"AX22288","ENX2043","A138","EMP1041","C1775","5/26/2020","3","545","",""
"AX22289","ENX2021","A110","EMP1016","C1177","3/23/2020","1","217","",""
"AX22314","ENX2030","A145","EMP1029","C1576","5/16/2020","3","1899","",""
"AX22385","ENX2054","A129","EMP1004","C1699","5/28/2020","2","127","",""
"AX22394","ENX2068","A131","EMP1016","C1733","5/20/2020","1","1500","",""
"AX22407","ENX2034","A122","EMP1025","C1712","3/16/2020","4","871","",""
"AX22409","ENX2044","A147","EMP1033","C1182","4/24/2020","2","886","",""
"AX22413","ENX2041","A141","EMP1007","C1234","3/13/2020","1","1380","",""
"AX22416","ENX2084","A159","EMP1018","C1021","3/23/2020","3","1783","",""
"AX22431","ENX2057","A126","EMP1017","C1638","4/2/2020","3","181","",""
"AX22437","ENX2078","A109","EMP1040","C1115","4/27/2020","4","1798","",""
"AX22453","ENX2015","A138","EMP1017","C1759","4/5/2020","3","637","",""
"AX22471","ENX2035","A151","EMP1015","C1568","4/16/2020","3","458","",""
"AX22475","ENX2045","A121","EMP1035","C1339","3/24/2020","3","556","",""
"AX22491","ENX2032","A165","EMP1009","C1232","5/27/2020","3","1967","",""
"AX22506","ENX2061","A127","EMP1014","C1059","2/3/2020","1","913","",""
"AX22548","ENX2047","A115","EMP1029","C1725","4/4/2020","1","290","",""
"AX22549","ENX2016","A137","EMP1038","C1596","5/23/2020","1","1351","",""
"AX22583","ENX2072","A167","EMP1002","C1237","3/22/2020","1","1887","",""
"AX22586","ENX2052","A122","EMP1017","C1135","3/18/2020","1","1526","",""
"AX22608","ENX2026","A115","EMP1016","C1246","1/15/2020","4","947","",""
"AX22634","ENX2045","A128","EMP1022","C1349","4/26/2020","4","556","",""
"AX22655","ENX2094","A111","EMP1030","C1255","4/7/2020","2","771","",""
"AX22715","ENX2062","A157","EMP1044","C1198","4/24/2020","3","2464","",""
"AX22725","ENX2025","A164","EMP1019","C1779","5/17/2020","2","667","",""
"AX22736","ENX2002","A143","EMP1003","C1432","5/21/2020","3","847","",""
"AX22747","ENX2055","A137","EMP1009","C1491","3/26/2020","4","2495","",""
"AX22750","ENX2042","A105","EMP1044","C1144","5/27/2020","1","203","",""
"AX22782","ENX2009","A110","EMP1002","C1458","3/27/2020","2","584","",""
"AX22797","ENX2003","A110","EMP1004","C1364","2/8/2020","1","1783","",""
"AX22838","ENX2028","A160","EMP1006","C1013","5/26/2020","4","2283","",""
"AX22879","ENX2007","A124","EMP1021","C1465","5/25/2020","2","1405","",""
"AX22885","ENX2083","A144","EMP1009","C1539","2/7/2020","1","2141","",""
"AX22904","ENX2099","A160","EMP1010","C1134","3/19/2020","1","1367","",""
"AX22922","ENX2091","A125","EMP1006","C1418","3/18/2020","2","368","",""
"AX22926","ENX2020","A137","EMP1016","C1445","3/26/2020","3","2005","",""
"AX22932","ENX2012","A171","EMP1041","C1742","5/29/2020","1","1353","",""
"AX22939","ENX2094","A116","EMP1034","C1065","5/20/2020","1","771","",""
"AX22943","ENX2090","A128","EMP1044","C1512","4/11/2020","2","1338","",""
"AX22947","ENX2028","A132","EMP1025","C1165","1/28/2020","4","2283","",""
"AX22976","ENX2065","A108","EMP1030","C1323","1/22/2020","1","2396","",""
"AX22985","ENX2075","A139","EMP1007","C1359","4/18/2020","2","400","",""
"AX22989","ENX2013","A109","EMP1012","C1752","4/30/2020","1","368","",""
"AX23013","ENX2018","A120","EMP1013","C1346","3/22/2020","3","1972","",""
"AX23035","ENX2086","A100","EMP1008","C1587","1/15/2020","4","123","",""
"AX23039","ENX2075","A123","EMP1000","C1091","1/8/2020","3","400","",""
"AX23045","ENX2020","A129","EMP1023","C1117","3/14/2020","1","2005","",""
"AX23052","ENX2065","A100","EMP1004","C1037","4/15/2020","1","2396","",""
"AX23078","ENX2002","A165","EMP1027","C1452","2/1/2020","1","847","",""
"AX23079","ENX2033","A162","EMP1004","C1364","1/23/2020","4","2182","",""
"AX23084","ENX2032","A106","EMP1040","C1490","1/16/2020","1","1967","",""
"AX23086","ENX2034","A153","EMP1032","C1708","2/21/2020","2","871","",""
"AX23090","ENX2004","A120","EMP1016","C1681","1/5/2020","4","1278","",""
"AX23143","ENX2036","A119","EMP1010","C1043","4/16/2020","1","1582","",""
"AX23181","ENX2044","A121","EMP1026","C1021","4/10/2020","1","886","",""
"AX23188","ENX2093","A139","EMP1024","C1748","2/9/2020","1","112","",""
"AX23229","ENX2093","A161","EMP1028","C1416","4/19/2020","3","112","",""
"AX23255","ENX2084","A154","EMP1006","C1371","3/15/2020","3","1783","",""
"AX23265","ENX2090","A158","EMP1041","C1291","5/12/2020","1","1338","",""
"AX23283","ENX2023","A106","EMP1041","C1314","1/21/2020","1","818","",""
"AX23284","ENX2021","A110","EMP1001","C1561","5/3/2020","3","217","",""
"AX23287","ENX2084","A158","EMP1039","C1704","2/14/2020","2","1783","",""
"AX23313","ENX2005","A152","EMP1014","C1584","3/13/2020","3","684","",""
"AX23320","ENX2051","A115","EMP1002","C1236","3/25/2020","2","1077","",""
"AX23334","ENX2091","A143","EMP1005","C1036","1/17/2020","1","368","",""
"AX23361","ENX2034","A125","EMP1041","C1529","1/2/2020","3","871","",""
"AX23391","ENX2089","A128","EMP1002","C1533","5/4/2020","3","2294","",""
"AX23392","ENX2027","A121","EMP1029","C1053","2/12/2020","4","2497","",""
"AX23400","ENX2083","A160","EMP1039","C1510","5/14/2020","2","2141","",""
"AX23404","ENX2078","A103","EMP1014","C1235","1/10/2020","1","1798","",""
"AX23413","ENX2068","A172","EMP1032","C1512","4/17/2020","4","1500","",""
"AX23420","ENX2066","A126","EMP1024","C1701","4/22/2020","1","2091","",""
"AX23440","ENX2023","A116","EMP1018","C1160","3/3/2020","1","818","",""
"AX23464","ENX2069","A145","EMP1002","C1657","1/7/2020","3","378","",""
"AX23483","ENX2018","A150","EMP1011","C1532","3/6/2020","1","1972","",""
"AX23517","ENX2003","A121","EMP1038","C1077","5/6/2020","1","1783","",""
"AX23536","ENX2033","A126","EMP1014","C1081","3/24/2020","2","2182","",""
"AX23541","ENX2033","A135","EMP1014","C1620","3/28/2020","1","2182","",""
"AX23548","ENX2009","A137","EMP1040","C1011","1/25/2020","2","584","",""
"AX23550","ENX2081","A113","EMP1000","C1272","5/18/2020","2","1566","",""
"AX23557","ENX2080","A122","EMP1012","C1178","5/4/2020","1","2353","",""
"AX23560","ENX2091","A163","EMP1005","C1495","3/17/2020","1","368","",""
"AX23562","ENX2079","A135","EMP1041","C1232","3/9/2020","1","1725","",""
"AX23567","ENX2025","A152","EMP1032","C1122","1/11/2020","1","667","",""
"AX23568","ENX2043","A142","EMP1020","C1148","3/18/2020","1","545","",""
"AX23575","ENX2095","A170","EMP1039","C1052","2/5/2020","2","1743","",""
"AX23606","ENX2087","A150","EMP1030","C1785","1/22/2020","2","1022","",""
"AX23619","ENX2046","A152","EMP1038","C1760","4/5/2020","3","2410","",""
"AX23645","ENX2023","A168","EMP1007","C1728","1/28/2020","2","818","",""
"AX23646","ENX2046","A173","EMP1012","C1404","3/1/2020","1","2410","",""
"AX23683","ENX2055","A172","EMP1028","C1091","2/27/2020","4","2495","",""
"AX23706","ENX2068","A127","EMP1013","C1147","5/24/2020","3","1500","",""
"AX23727","ENX2047","A160","EMP1005","C1418","2/22/2020","3","290","",""
"AX23740","ENX2056","A146","EMP1027","C1113","4/23/2020","1","1635","",""
"AX23753","ENX2007","A129","EMP1019","C1535","5/28/2020","1","1405","",""
"AX23756","ENX2062","A129","EMP1030","C1210","3/2/2020","4","2464","",""
"AX23762","ENX2072","A100","EMP1021","C1337","3/9/2020","1","1887","",""
"AX23800","ENX2065","A171","EMP1009","C1578","2/14/2020","4","2396","",""
"AX23805","ENX2003","A165","EMP1015","C1385","5/30/2020","1","1783","",""
"AX23836","ENX2000","A123","EMP1019","C1698","4/9/2020","1","2241","",""
"AX23848","ENX2094","A132","EMP1010","C1348","1/9/2020","1","771","",""
"AX23866","ENX2060","A110","EMP1036","C1688","4/13/2020","1","1467","",""
"AX23890","ENX2060","A123","EMP1031","C1140","3/22/2020","1","1467","",""
"AX23912","ENX2083","A140","EMP1034","C1097","1/29/2020","1","2141","",""
"AX23927","ENX2070","A168","EMP1004","C1729","2/10/2020","4","1671","",""
"AX23931","ENX2062","A110","EMP1016","C1084","5/8/2020","1","2464","",""
"AX23964","ENX2021","A113","EMP1044","C1347","5/8/2020","1","217","",""
"AX23970","ENX2022","A145","EMP1028","C1255","1/9/2020","2","561","",""
"AX23979","ENX2055","A139","EMP1039","C1223","3/16/2020","3","2495","",""
"AX23991","ENX2074","A119","EMP1041","C1320","5/17/2020","2","504","",""
"AX24002","ENX2066","A128","EMP1011","C1710","4/9/2020","1","2091","",""
"AX24018","ENX2028","A137","EMP1020","C1686","5/16/2020","4","2283","",""
"AX24033","ENX2037","A104","EMP1014","C1758","2/26/2020","2","880","",""
"AX24036","ENX2042","A172","EMP1010","C1261","2/14/2020","1","203","",""
"AX24051","ENX2079","A169","EMP1023","C1447","4/21/2020","1","1725","",""
"AX24066","ENX2016","A106","EMP1041","C1344","2/5/2020","1","1351","",""
"AX24069","ENX2046","A121","EMP1005","C1290","5/23/2020","1","2410","",""
"AX24073","ENX2048","A117","EMP1026","C1740","1/22/2020","1","502","",""
"AX24082","ENX2055","A170","EMP1012","C1535","4/20/2020","2","2495","",""
"AX24088","ENX2091","A161","EMP1042","C1353","5/18/2020","1","368","",""
"AX24090","ENX2009","A172","EMP1037","C1443","1/26/2020","1","584","",""
"AX24091","ENX2074","A172","EMP1037","C1552","5/21/2020","3","504","",""
"AX24109","ENX2065","A155","EMP1011","C1445","2/6/2020","1","2396","",""
"AX24124","ENX2035","A133","EMP1043","C1686","5/25/2020","4","458","",""
"AX24129","ENX2012","A110","EMP1022","C1284","3/25/2020","4","1353","",""
"AX24143","ENX2057","A149","EMP1043","C1623","3/2/2020","2","181","",""
"AX24146","ENX2077","A115","EMP1034","C1370","1/22/2020","3","530","",""
"AX24152","ENX2023","A147","EMP1004","C1793","3/22/2020","1","818","",""
"AX24199","ENX2094","A102","EMP1011","C1423","1/30/2020","2","771","",""
"AX24206","ENX2022","A163","EMP1017","C1059","4/9/2020","2","561","",""
"AX24221","ENX2056","A163","EMP1031","C1580","1/29/2020","1","1635","",""
"AX24237","ENX2057","A109","EMP1017","C1785","2/5/2020","1","181","",""
"AX24247","ENX2066","A152","EMP1017","C1155","5/12/2020","2","2091","",""
"AX24251","ENX2078","A124","EMP1024","C1479","3/27/2020","1","1798","",""
"AX24256","ENX2069","A170","EMP1025","C1513","5/2/2020","1","378","",""
"AX24271","ENX2077","A102","EMP1000","C1325","3/25/2020","1","530","",""
"AX24301","ENX2100","A125","EMP1026","C1318","4/3/2020","1","799","",""
"AX24304","ENX2048","A102","EMP1002","C1713","3/6/2020","1","502","",""
"AX24320","ENX2094","A173","EMP1023","C1073","1/30/2020","1","771","",""
"AX24322","ENX2057","A159","EMP1035","C1235","4/21/2020","1","181","",""
"AX24327","ENX2075","A157","EMP1002","C1084","2/20/2020","1","400","",""
"AX24336","ENX2016","A150","EMP1040","C1203","5/5/2020","2","1351","",""
"AX24340","ENX2081","A134","EMP1012","C1724","4/7/2020","1","1566","",""
"AX24356","ENX2053","A113","EMP1012","C1319","4/15/2020","2","596","",""
"AX24361","ENX2048","A154","EMP1001","C1409","4/26/2020","1","502","",""
"AX24366","ENX2021","A119","EMP1043","C1655","5/1/2020","2","217","",""
"AX24399","ENX2076","A119","EMP1027","C1356","1/19/2020","1","1522","",""
"AX24403","ENX2027","A171","EMP1042","C1351","2/23/2020","1","2497","",""
"AX24426","ENX2069","A104","EMP1010","C1068","4/24/2020","1","378","",""
"AX24429","ENX2005","A154","EMP1021","C1713","2/1/2020","1","684","",""
"AX24482","ENX2083","A151","EMP1041","C1779","1/15/2020","4","2141","",""
"AX24490","ENX2078","A160","EMP1034","C1688","1/20/2020","3","1798","",""
"AX24510","ENX2004","A156","EMP1000","C1779","4/1/2020","4","1278","",""
"AX24527","ENX2053","A164","EMP1032","C1715","2/28/2020","3","596","",""
"AX24537","ENX2023","A116","EMP1020","C1706","4/2/2020","1","818","",""
"AX24567","ENX2031","A106","EMP1036","C1257","4/14/2020","1","1638","",""
"AX24570","ENX2003","A164","EMP1004","C1614","5/10/2020","2","1783","",""
"AX24596","ENX2016","A136","EMP1043","C1173","1/7/2020","2","1351","",""
"AX24597","ENX2019","A151","EMP1001","C1748","4/3/2020","1","800","",""
"AX24604","ENX2021","A120","EMP1040","C1078","5/30/2020","2","217","",""
"AX24639","ENX2019","A162","EMP1002","C1587","2/4/2020","2","800","",""
"AX24641","ENX2065","A147","EMP1009","C1518","2/27/2020","1","2396","",""
"AX24671","ENX2090","A127","EMP1044","C1471","3/25/2020","3","1338","",""
"AX24684","ENX2095","A154","EMP1013","C1568","3/22/2020","1","1743","",""
"AX24734","ENX2018","A154","EMP1034","C1045","4/25/2020","1","1972","",""
"AX24750","ENX2043","A108","EMP1023","C1306","3/18/2020","2","545","",""
"AX24762","ENX2048","A104","EMP1038","C1652","1/28/2020","3","502","",""
"AX24771","ENX2062","A115","EMP1036","C1084","5/12/2020","3","2464","",""
"AX24782","ENX2009","A122","EMP1003","C1157","2/25/2020","2","584","",""
"AX24784","ENX2086","A102","EMP1006","C1737","1/11/2020","2","123","",""
"AX24786","ENX2019","A134","EMP1025","C1305","4/5/2020","2","800","",""
"AX24787","ENX2087","A141","EMP1027","C1142","3/1/2020","2","1022","",""
"AX24800","ENX2069","A152","EMP1015","C1476","3/9/2020","3","378","",""
"AX24833","ENX2058","A148","EMP1008","C1261","1/20/2020","1","2257","",""
"AX24843","ENX2083","A168","EMP1011","C1445","4/26/2020","4","2141","",""
"AX24928","ENX2000","A116","EMP1020","C1318","2/18/2020","3","2241","",""
"AX24929","ENX2050","A169","EMP1021","C1369","5/18/2020","4","2391","",""
"AX24950","ENX2048","A107","EMP1008","C1472","2/16/2020","1","502","",""
"AX24973","ENX2006","A149","EMP1036","C1095","4/24/2020","1","1826","",""
"AX24977","ENX2060","A169","EMP1038","C1446","5/26/2020","1","1467","",""
"AX24980","ENX2076","A148","EMP1007","C1140","2/19/2020","2","1522","",""
